,0,1,2,3,4,5,6
0,83.3,82.84,83.42,83.46,83.68,83.4,83.58
1,82.84,83.42,83.46,83.68,83.4,83.58,83.86
2,83.42,83.46,83.68,83.4,83.58,83.86,84.06
3,83.46,83.68,83.4,83.58,83.86,84.06,83.94
4,83.68,83.4,83.58,83.86,84.06,83.94,84.56
5,83.4,83.58,83.86,84.06,83.94,84.56,84.2
6,83.58,83.86,84.06,83.94,84.56,84.2,84.68
7,83.86,84.06,83.94,84.56,84.2,84.68,84.42
8,84.06,83.94,84.56,84.2,84.68,84.42,84.14
9,83.94,84.56,84.2,84.68,84.42,84.14,83.92
10,84.56,84.2,84.68,84.42,84.14,83.92,83.52
11,84.2,84.68,84.42,84.14,83.92,83.52,84.3
12,84.68,84.42,84.14,83.92,83.52,84.3,84.08
13,84.42,84.14,83.92,83.52,84.3,84.08,83.78
14,84.14,83.92,83.52,84.3,84.08,83.78,83.7
15,83.92,83.52,84.3,84.08,83.78,83.7,83.66
16,83.52,84.3,84.08,83.78,83.7,83.66,83.8
17,84.3,84.08,83.78,83.7,83.66,83.8,84.12
18,84.08,83.78,83.7,83.66,83.8,84.12,84.08
19,83.78,83.7,83.66,83.8,84.12,84.08,84.42
20,83.7,83.66,83.8,84.12,84.08,84.42,84.62
21,83.66,83.8,84.12,84.08,84.42,84.62,84.76
22,83.8,84.12,84.08,84.42,84.62,84.76,84.16
23,84.12,84.08,84.42,84.62,84.76,84.16,83.34
24,84.08,84.42,84.62,84.76,84.16,83.34,83.56
25,84.42,84.62,84.76,84.16,83.34,83.56,83.82
26,84.62,84.76,84.16,83.34,83.56,83.82,83.62
27,84.76,84.16,83.34,83.56,83.82,83.62,83.68
28,84.16,83.34,83.56,83.82,83.62,83.68,83.72
29,83.34,83.56,83.82,83.62,83.68,83.72,83.8
30,83.56,83.82,83.62,83.68,83.72,83.8,84.28
31,83.82,83.62,83.68,83.72,83.8,84.28,84.34
32,83.62,83.68,83.72,83.8,84.28,84.34,84.6
33,83.68,83.72,83.8,84.28,84.34,84.6,84.8
34,83.72,83.8,84.28,84.34,84.6,84.8,84.98
35,83.8,84.28,84.34,84.6,84.8,84.98,85.16
36,84.28,84.34,84.6,84.8,84.98,85.16,85.1
37,84.34,84.6,84.8,84.98,85.16,85.1,85.06
38,84.6,84.8,84.98,85.16,85.1,85.06,85.22
39,84.8,84.98,85.16,85.1,85.06,85.22,85.06
40,84.98,85.16,85.1,85.06,85.22,85.06,84.84
41,85.16,85.1,85.06,85.22,85.06,84.84,84.94
42,85.1,85.06,85.22,85.06,84.84,84.94,85.32
43,85.06,85.22,85.06,84.84,84.94,85.32,85.34
44,85.22,85.06,84.84,84.94,85.32,85.34,85.22
45,85.06,84.84,84.94,85.32,85.34,85.22,85.2
46,84.84,84.94,85.32,85.34,85.22,85.2,85.24
47,84.94,85.32,85.34,85.22,85.2,85.24,85.86
48,85.32,85.34,85.22,85.2,85.24,85.86,84.44
49,85.34,85.22,85.2,85.24,85.86,84.44,84.49000000000001
50,85.22,85.2,85.24,85.86,84.44,84.49000000000001,84.54
51,85.2,85.24,85.86,84.44,84.49000000000001,84.54,84.3
52,85.24,85.86,84.44,84.49000000000001,84.54,84.3,84.34
53,85.86,84.44,84.49000000000001,84.54,84.3,84.34,84.36
54,84.44,84.49000000000001,84.54,84.3,84.34,84.36,84.8
55,84.49000000000001,84.54,84.3,84.34,84.36,84.8,84.84
56,84.54,84.3,84.34,84.36,84.8,84.84,84.78
57,84.3,84.34,84.36,84.8,84.84,84.78,84.78
58,84.34,84.36,84.8,84.84,84.78,84.78,84.68
59,84.36,84.8,84.84,84.78,84.78,84.68,84.56
60,84.8,84.84,84.78,84.78,84.68,84.56,84.42
61,84.84,84.78,84.78,84.68,84.56,84.42,84.58
62,84.78,84.78,84.68,84.56,84.42,84.58,84.56
63,84.78,84.68,84.56,84.42,84.58,84.56,84.48
64,84.68,84.56,84.42,84.58,84.56,84.48,84.34
65,84.56,84.42,84.58,84.56,84.48,84.34,84.22
66,84.42,84.58,84.56,84.48,84.34,84.22,84.12
67,84.58,84.56,84.48,84.34,84.22,84.12,84.06
68,84.56,84.48,84.34,84.22,84.12,84.06,84.22
69,84.48,84.34,84.22,84.12,84.06,84.22,84.34
70,84.34,84.22,84.12,84.06,84.22,84.34,84.48
71,84.22,84.12,84.06,84.22,84.34,84.48,84.62
72,84.12,84.06,84.22,84.34,84.48,84.62,84.98
73,84.06,84.22,84.34,84.48,84.62,84.98,85.08
74,84.22,84.34,84.48,84.62,84.98,85.08,85.2
75,84.34,84.48,84.62,84.98,85.08,85.2,85.32
76,84.48,84.62,84.98,85.08,85.2,85.32,85.56
77,84.62,84.98,85.08,85.2,85.32,85.56,86.14
78,84.98,85.08,85.2,85.32,85.56,86.14,86.34
79,85.08,85.2,85.32,85.56,86.14,86.34,86.4
80,85.2,85.32,85.56,86.14,86.34,86.4,86.22
81,85.32,85.56,86.14,86.34,86.4,86.22,85.84
82,85.56,86.14,86.34,86.4,86.22,85.84,85.5
83,86.14,86.34,86.4,86.22,85.84,85.5,85.16
84,86.34,86.4,86.22,85.84,85.5,85.16,84.9
85,86.4,86.22,85.84,85.5,85.16,84.9,84.26
86,86.22,85.84,85.5,85.16,84.9,84.26,84.18
87,85.84,85.5,85.16,84.9,84.26,84.18,84.04
88,85.5,85.16,84.9,84.26,84.18,84.04,84.02
89,85.16,84.9,84.26,84.18,84.04,84.02,84.06
90,84.9,84.26,84.18,84.04,84.02,84.06,84.22
91,84.26,84.18,84.04,84.02,84.06,84.22,84.34
92,84.18,84.04,84.02,84.06,84.22,84.34,84.3
93,84.04,84.02,84.06,84.22,84.34,84.3,84.52
94,84.02,84.06,84.22,84.34,84.3,84.52,84.34
95,84.06,84.22,84.34,84.3,84.52,84.34,84.92
96,84.22,84.34,84.3,84.52,84.34,84.92,84.8
97,84.34,84.3,84.52,84.34,84.92,84.8,84.7
98,84.3,84.52,84.34,84.92,84.8,84.7,84.7
99,84.52,84.34,84.92,84.8,84.7,84.7,84.7
100,84.34,84.92,84.8,84.7,84.7,84.7,84.84
101,84.92,84.8,84.7,84.7,84.7,84.84,84.53
102,84.8,84.7,84.7,84.7,84.84,84.53,84.22
103,84.7,84.7,84.7,84.84,84.53,84.22,84.96
104,84.7,84.7,84.84,84.53,84.22,84.96,84.7
105,84.7,84.84,84.53,84.22,84.96,84.7,86.8
106,84.84,84.53,84.22,84.96,84.7,86.8,86.36
107,84.53,84.22,84.96,84.7,86.8,86.36,86.12
108,84.22,84.96,84.7,86.8,86.36,86.12,86.08
109,84.96,84.7,86.8,86.36,86.12,86.08,84.88
110,84.7,86.8,86.36,86.12,86.08,84.88,85.1
111,86.8,86.36,86.12,86.08,84.88,85.1,85.12
112,86.36,86.12,86.08,84.88,85.1,85.12,84.32
113,86.12,86.08,84.88,85.1,85.12,84.32,84.3
114,86.08,84.88,85.1,85.12,84.32,84.3,84.44
115,84.88,85.1,85.12,84.32,84.3,84.44,84.2
116,85.1,85.12,84.32,84.3,84.44,84.2,84.3
117,85.12,84.32,84.3,84.44,84.2,84.3,84.26
118,84.32,84.3,84.44,84.2,84.3,84.26,84.22
119,84.3,84.44,84.2,84.3,84.26,84.22,84.26
120,84.44,84.2,84.3,84.26,84.22,84.26,84.26
121,84.2,84.3,84.26,84.22,84.26,84.26,84.3
122,84.3,84.26,84.22,84.26,84.26,84.3,84.44
123,84.26,84.22,84.26,84.26,84.3,84.44,84.58
124,84.22,84.26,84.26,84.3,84.44,84.58,84.74
125,84.26,84.26,84.3,84.44,84.58,84.74,84.76
126,84.26,84.3,84.44,84.58,84.74,84.76,84.6
127,84.3,84.44,84.58,84.74,84.76,84.6,84.48
128,84.44,84.58,84.74,84.76,84.6,84.48,84.28
129,84.58,84.74,84.76,84.6,84.48,84.28,84.08
130,84.74,84.76,84.6,84.48,84.28,84.08,83.92
131,84.76,84.6,84.48,84.28,84.08,83.92,84.18
132,84.6,84.48,84.28,84.08,83.92,84.18,84.1
133,84.48,84.28,84.08,83.92,84.18,84.1,84.12
134,84.28,84.08,83.92,84.18,84.1,84.12,84.06
135,84.08,83.92,84.18,84.1,84.12,84.06,84.1
136,83.92,84.18,84.1,84.12,84.06,84.1,84.14
137,84.18,84.1,84.12,84.06,84.1,84.14,84.16
138,84.1,84.12,84.06,84.1,84.14,84.16,84.26
139,84.12,84.06,84.1,84.14,84.16,84.26,84.3
140,84.06,84.1,84.14,84.16,84.26,84.3,84.38
141,84.1,84.14,84.16,84.26,84.3,84.38,84.44
142,84.14,84.16,84.26,84.3,84.38,84.44,84.46
143,84.16,84.26,84.3,84.38,84.44,84.46,84.48
144,84.26,84.3,84.38,84.44,84.46,84.48,84.44
145,84.3,84.38,84.44,84.46,84.48,84.44,84.42
146,84.38,84.44,84.46,84.48,84.44,84.42,84.4
147,84.44,84.46,84.48,84.44,84.42,84.4,84.7
148,84.46,84.48,84.44,84.42,84.4,84.7,84.68
149,84.48,84.44,84.42,84.4,84.7,84.68,84.44
150,84.44,84.42,84.4,84.7,84.68,84.44,84.4
151,84.42,84.4,84.7,84.68,84.44,84.4,84.58
152,84.4,84.7,84.68,84.44,84.4,84.58,84.28
153,84.7,84.68,84.44,84.4,84.58,84.28,84.4
154,84.68,84.44,84.4,84.58,84.28,84.4,84.26
155,84.44,84.4,84.58,84.28,84.4,84.26,84.96
156,84.4,84.58,84.28,84.4,84.26,84.96,84.64
157,84.58,84.28,84.4,84.26,84.96,84.64,84.62
158,84.28,84.4,84.26,84.96,84.64,84.62,83.94
159,84.4,84.26,84.96,84.64,84.62,83.94,83.96
160,84.26,84.96,84.64,84.62,83.94,83.96,84.0
161,84.96,84.64,84.62,83.94,83.96,84.0,84.06
162,84.64,84.62,83.94,83.96,84.0,84.06,84.14
163,84.62,83.94,83.96,84.0,84.06,84.14,84.28
164,83.94,83.96,84.0,84.06,84.14,84.28,84.02
165,83.96,84.0,84.06,84.14,84.28,84.02,84.18
166,84.0,84.06,84.14,84.28,84.02,84.18,84.3
167,84.06,84.14,84.28,84.02,84.18,84.3,84.36
168,84.14,84.28,84.02,84.18,84.3,84.36,84.28
169,84.28,84.02,84.18,84.3,84.36,84.28,84.44
170,84.02,84.18,84.3,84.36,84.28,84.44,84.76
171,84.18,84.3,84.36,84.28,84.44,84.76,85.2
172,84.3,84.36,84.28,84.44,84.76,85.2,84.98
173,84.36,84.28,84.44,84.76,85.2,84.98,84.92
174,84.28,84.44,84.76,85.2,84.98,84.92,84.92
175,84.44,84.76,85.2,84.98,84.92,84.92,84.96
176,84.76,85.2,84.98,84.92,84.92,84.96,85.02
177,85.2,84.98,84.92,84.92,84.96,85.02,85.04
178,84.98,84.92,84.92,84.96,85.02,85.04,85.02
179,84.92,84.92,84.96,85.02,85.04,85.02,84.78
180,84.92,84.96,85.02,85.04,85.02,84.78,84.68
181,84.96,85.02,85.04,85.02,84.78,84.68,84.1
182,85.02,85.04,85.02,84.78,84.68,84.1,84.18
183,85.04,85.02,84.78,84.68,84.1,84.18,84.3
184,85.02,84.78,84.68,84.1,84.18,84.3,84.06
185,84.78,84.68,84.1,84.18,84.3,84.06,84.62
186,84.68,84.1,84.18,84.3,84.06,84.62,84.72
187,84.1,84.18,84.3,84.06,84.62,84.72,84.74000000000001
188,84.18,84.3,84.06,84.62,84.72,84.74000000000001,84.76
189,84.3,84.06,84.62,84.72,84.74000000000001,84.76,84.9
190,84.06,84.62,84.72,84.74000000000001,84.76,84.9,85.08
191,84.62,84.72,84.74000000000001,84.76,84.9,85.08,85.28
192,84.72,84.74000000000001,84.76,84.9,85.08,85.28,85.4
193,84.74000000000001,84.76,84.9,85.08,85.28,85.4,85.54
194,84.76,84.9,85.08,85.28,85.4,85.54,85.68
195,84.9,85.08,85.28,85.4,85.54,85.68,85.92
196,85.08,85.28,85.4,85.54,85.68,85.92,85.72
197,85.28,85.4,85.54,85.68,85.92,85.72,85.94
198,85.4,85.54,85.68,85.92,85.72,85.94,86.14
199,85.54,85.68,85.92,85.72,85.94,86.14,86.2
200,85.68,85.92,85.72,85.94,86.14,86.2,86.94
201,85.92,85.72,85.94,86.14,86.2,86.94,86.5
202,85.72,85.94,86.14,86.2,86.94,86.5,86.46
203,85.94,86.14,86.2,86.94,86.5,86.46,86.54
204,86.14,86.2,86.94,86.5,86.46,86.54,86.34
205,86.2,86.94,86.5,86.46,86.54,86.34,86.04
206,86.94,86.5,86.46,86.54,86.34,86.04,86.12
207,86.5,86.46,86.54,86.34,86.04,86.12,85.8
208,86.46,86.54,86.34,86.04,86.12,85.8,85.66
209,86.54,86.34,86.04,86.12,85.8,85.66,85.48
210,86.34,86.04,86.12,85.8,85.66,85.48,85.54
211,86.04,86.12,85.8,85.66,85.48,85.54,85.66
212,86.12,85.8,85.66,85.48,85.54,85.66,85.82
213,85.8,85.66,85.48,85.54,85.66,85.82,85.98
214,85.66,85.48,85.54,85.66,85.82,85.98,86.12
215,85.48,85.54,85.66,85.82,85.98,86.12,86.28
216,85.54,85.66,85.82,85.98,86.12,86.28,86.18
217,85.66,85.82,85.98,86.12,86.28,86.18,86.18
218,85.82,85.98,86.12,86.28,86.18,86.18,86.14
219,85.98,86.12,86.28,86.18,86.18,86.14,86.3
220,86.12,86.28,86.18,86.18,86.14,86.3,86.56
221,86.28,86.18,86.18,86.14,86.3,86.56,86.48
222,86.18,86.18,86.14,86.3,86.56,86.48,86.08
223,86.18,86.14,86.3,86.56,86.48,86.08,85.34
224,86.14,86.3,86.56,86.48,86.08,85.34,84.44
225,86.3,86.56,86.48,86.08,85.34,84.44,84.02
226,86.56,86.48,86.08,85.34,84.44,84.02,83.6
227,86.48,86.08,85.34,84.44,84.02,83.6,83.54
228,86.08,85.34,84.44,84.02,83.6,83.54,83.58
229,85.34,84.44,84.02,83.6,83.54,83.58,83.74
230,84.44,84.02,83.6,83.54,83.58,83.74,83.92
231,84.02,83.6,83.54,83.58,83.74,83.92,84.0
232,83.6,83.54,83.58,83.74,83.92,84.0,84.1
233,83.54,83.58,83.74,83.92,84.0,84.1,84.12
234,83.58,83.74,83.92,84.0,84.1,84.12,84.14
235,83.74,83.92,84.0,84.1,84.12,84.14,84.02
236,83.92,84.0,84.1,84.12,84.14,84.02,83.26
237,84.0,84.1,84.12,84.14,84.02,83.26,83.32
238,84.1,84.12,84.14,84.02,83.26,83.32,83.41999999999999
239,84.12,84.14,84.02,83.26,83.32,83.41999999999999,83.52
240,84.14,84.02,83.26,83.32,83.41999999999999,83.52,83.54
241,84.02,83.26,83.32,83.41999999999999,83.52,83.54,84.22
242,83.26,83.32,83.41999999999999,83.52,83.54,84.22,83.76
243,83.32,83.41999999999999,83.52,83.54,84.22,83.76,84.02
244,83.41999999999999,83.52,83.54,84.22,83.76,84.02,84.26
245,83.52,83.54,84.22,83.76,84.02,84.26,84.48
246,83.54,84.22,83.76,84.02,84.26,84.48,84.44
247,84.22,83.76,84.02,84.26,84.48,84.44,84.28
248,83.76,84.02,84.26,84.48,84.44,84.28,83.84
249,84.02,84.26,84.48,84.44,84.28,83.84,84.1
250,84.26,84.48,84.44,84.28,83.84,84.1,83.82
251,84.48,84.44,84.28,83.84,84.1,83.82,83.62
252,84.44,84.28,83.84,84.1,83.82,83.62,83.54
253,84.28,83.84,84.1,83.82,83.62,83.54,83.72
254,83.84,84.1,83.82,83.62,83.54,83.72,83.88
255,84.1,83.82,83.62,83.54,83.72,83.88,85.08
256,83.82,83.62,83.54,83.72,83.88,85.08,85.78
257,83.62,83.54,83.72,83.88,85.08,85.78,85.36
258,83.54,83.72,83.88,85.08,85.78,85.36,84.4
259,83.72,83.88,85.08,85.78,85.36,84.4,84.6
260,83.88,85.08,85.78,85.36,84.4,84.6,84.5
261,85.08,85.78,85.36,84.4,84.6,84.5,84.44
262,85.78,85.36,84.4,84.6,84.5,84.44,84.62
263,85.36,84.4,84.6,84.5,84.44,84.62,84.96
264,84.4,84.6,84.5,84.44,84.62,84.96,85.32
265,84.6,84.5,84.44,84.62,84.96,85.32,85.74
266,84.5,84.44,84.62,84.96,85.32,85.74,86.12
267,84.44,84.62,84.96,85.32,85.74,86.12,86.22
268,84.62,84.96,85.32,85.74,86.12,86.22,86.48
269,84.96,85.32,85.74,86.12,86.22,86.48,86.94
270,85.32,85.74,86.12,86.22,86.48,86.94,86.8
271,85.74,86.12,86.22,86.48,86.94,86.8,86.82
272,86.12,86.22,86.48,86.94,86.8,86.82,86.78
273,86.22,86.48,86.94,86.8,86.82,86.78,86.52
274,86.48,86.94,86.8,86.82,86.78,86.52,86.4
275,86.94,86.8,86.82,86.78,86.52,86.4,87.74
276,86.8,86.82,86.78,86.52,86.4,87.74,87.08
277,86.82,86.78,86.52,86.4,87.74,87.08,86.42
278,86.78,86.52,86.4,87.74,87.08,86.42,85.98
279,86.52,86.4,87.74,87.08,86.42,85.98,85.52
280,86.4,87.74,87.08,86.42,85.98,85.52,85.34
281,87.74,87.08,86.42,85.98,85.52,85.34,85.32
282,87.08,86.42,85.98,85.52,85.34,85.32,84.84
283,86.42,85.98,85.52,85.34,85.32,84.84,84.82
284,85.98,85.52,85.34,85.32,84.84,84.82,84.84
285,85.52,85.34,85.32,84.84,84.82,84.84,84.14
286,85.34,85.32,84.84,84.82,84.84,84.14,84.16
287,85.32,84.84,84.82,84.84,84.14,84.16,84.18
288,84.84,84.82,84.84,84.14,84.16,84.18,84.3
289,84.82,84.84,84.14,84.16,84.18,84.3,84.4
290,84.84,84.14,84.16,84.18,84.3,84.4,84.42
291,84.14,84.16,84.18,84.3,84.4,84.42,84.42
292,84.16,84.18,84.3,84.4,84.42,84.42,85.22
293,84.18,84.3,84.4,84.42,84.42,85.22,85.12
294,84.3,84.4,84.42,84.42,85.22,85.12,85.66
295,84.4,84.42,84.42,85.22,85.12,85.66,85.62
296,84.42,84.42,85.22,85.12,85.66,85.62,85.42
297,84.42,85.22,85.12,85.66,85.62,85.42,85.28
298,85.22,85.12,85.66,85.62,85.42,85.28,85.06
299,85.12,85.66,85.62,85.42,85.28,85.06,84.98
300,85.66,85.62,85.42,85.28,85.06,84.98,84.96000000000001
301,85.62,85.42,85.28,85.06,84.98,84.96000000000001,84.94
302,85.42,85.28,85.06,84.98,84.96000000000001,84.94,84.94
303,85.28,85.06,84.98,84.96000000000001,84.94,84.94,84.48
304,85.06,84.98,84.96000000000001,84.94,84.94,84.48,83.78
305,84.98,84.96000000000001,84.94,84.94,84.48,83.78,83.78
306,84.96000000000001,84.94,84.94,84.48,83.78,83.78,83.78
307,84.94,84.94,84.48,83.78,83.78,83.78,83.84
308,84.94,84.48,83.78,83.78,83.78,83.84,83.98
309,84.48,83.78,83.78,83.78,83.84,83.98,84.0
310,83.78,83.78,83.78,83.84,83.98,84.0,84.12
311,83.78,83.78,83.84,83.98,84.0,84.12,84.18
312,83.78,83.84,83.98,84.0,84.12,84.18,84.18
313,83.84,83.98,84.0,84.12,84.18,84.18,84.2
314,83.98,84.0,84.12,84.18,84.18,84.2,84.18
315,84.0,84.12,84.18,84.18,84.2,84.18,84.2
316,84.12,84.18,84.18,84.2,84.18,84.2,84.22
317,84.18,84.18,84.2,84.18,84.2,84.22,84.28
318,84.18,84.2,84.18,84.2,84.22,84.28,84.42
319,84.2,84.18,84.2,84.22,84.28,84.42,84.56
320,84.18,84.2,84.22,84.28,84.42,84.56,84.8
321,84.2,84.22,84.28,84.42,84.56,84.8,84.9
322,84.22,84.28,84.42,84.56,84.8,84.9,84.82
323,84.28,84.42,84.56,84.8,84.9,84.82,85.16
324,84.42,84.56,84.8,84.9,84.82,85.16,85.02
325,84.56,84.8,84.9,84.82,85.16,85.02,85.02
326,84.8,84.9,84.82,85.16,85.02,85.02,84.6
327,84.9,84.82,85.16,85.02,85.02,84.6,84.76
328,84.82,85.16,85.02,85.02,84.6,84.76,84.9
329,85.16,85.02,85.02,84.6,84.76,84.9,84.78
330,85.02,85.02,84.6,84.76,84.9,84.78,84.82
331,85.02,84.6,84.76,84.9,84.78,84.82,84.8
332,84.6,84.76,84.9,84.78,84.82,84.8,85.02
333,84.76,84.9,84.78,84.82,84.8,85.02,84.84
334,84.9,84.78,84.82,84.8,85.02,84.84,84.78
335,84.78,84.82,84.8,85.02,84.84,84.78,84.7
336,84.82,84.8,85.02,84.84,84.78,84.7,85.0
337,84.8,85.02,84.84,84.78,84.7,85.0,84.94
338,85.02,84.84,84.78,84.7,85.0,84.94,84.92
339,84.84,84.78,84.7,85.0,84.94,84.92,84.84
340,84.78,84.7,85.0,84.94,84.92,84.84,84.76
341,84.7,85.0,84.94,84.92,84.84,84.76,84.58
342,85.0,84.94,84.92,84.84,84.76,84.58,84.42
343,84.94,84.92,84.84,84.76,84.58,84.42,85.04
344,84.92,84.84,84.76,84.58,84.42,85.04,84.98
345,84.84,84.76,84.58,84.42,85.04,84.98,84.22
346,84.76,84.58,84.42,85.04,84.98,84.22,84.3
347,84.58,84.42,85.04,84.98,84.22,84.3,85.08
348,84.42,85.04,84.98,84.22,84.3,85.08,84.4
349,85.04,84.98,84.22,84.3,85.08,84.4,83.96
350,84.98,84.22,84.3,85.08,84.4,83.96,84.08
351,84.22,84.3,85.08,84.4,83.96,84.08,84.2
352,84.3,85.08,84.4,83.96,84.08,84.2,84.14
353,85.08,84.4,83.96,84.08,84.2,84.14,84.06
354,84.4,83.96,84.08,84.2,84.14,84.06,83.94
355,83.96,84.08,84.2,84.14,84.06,83.94,84.36
356,84.08,84.2,84.14,84.06,83.94,84.36,84.16
357,84.2,84.14,84.06,83.94,84.36,84.16,83.94
358,84.14,84.06,83.94,84.36,84.16,83.94,83.86
359,84.06,83.94,84.36,84.16,83.94,83.86,84.02
360,83.94,84.36,84.16,83.94,83.86,84.02,83.66
361,84.36,84.16,83.94,83.86,84.02,83.66,84.66
362,84.16,83.94,83.86,84.02,83.66,84.66,84.04
363,83.94,83.86,84.02,83.66,84.66,84.04,84.18
364,83.86,84.02,83.66,84.66,84.04,84.18,84.14
365,84.02,83.66,84.66,84.04,84.18,84.14,84.64
366,83.66,84.66,84.04,84.18,84.14,84.64,84.54
367,84.66,84.04,84.18,84.14,84.64,84.54,84.56
368,84.04,84.18,84.14,84.64,84.54,84.56,84.04
369,84.18,84.14,84.64,84.54,84.56,84.04,84.02
370,84.14,84.64,84.54,84.56,84.04,84.02,83.86
371,84.64,84.54,84.56,84.04,84.02,83.86,83.95
372,84.54,84.56,84.04,84.02,83.86,83.95,84.04
373,84.56,84.04,84.02,83.86,83.95,84.04,84.72
374,84.04,84.02,83.86,83.95,84.04,84.72,84.6
375,84.02,83.86,83.95,84.04,84.72,84.6,84.6
376,83.86,83.95,84.04,84.72,84.6,84.6,84.64
377,83.95,84.04,84.72,84.6,84.6,84.64,84.76
378,84.04,84.72,84.6,84.6,84.64,84.76,84.98
379,84.72,84.6,84.6,84.64,84.76,84.98,87.5
380,84.6,84.6,84.64,84.76,84.98,87.5,84.72
381,84.6,84.64,84.76,84.98,87.5,84.72,84.7
382,84.64,84.76,84.98,87.5,84.72,84.7,84.94
383,84.76,84.98,87.5,84.72,84.7,84.94,84.98
384,84.98,87.5,84.72,84.7,84.94,84.98,85.04
385,87.5,84.72,84.7,84.94,84.98,85.04,85.04
386,84.72,84.7,84.94,84.98,85.04,85.04,85.06
387,84.7,84.94,84.98,85.04,85.04,85.06,85.12
388,84.94,84.98,85.04,85.04,85.06,85.12,85.18
389,84.98,85.04,85.04,85.06,85.12,85.18,85.22
390,85.04,85.04,85.06,85.12,85.18,85.22,86.34
391,85.04,85.06,85.12,85.18,85.22,86.34,86.34
392,85.06,85.12,85.18,85.22,86.34,86.34,85.3
393,85.12,85.18,85.22,86.34,86.34,85.3,85.34
394,85.18,85.22,86.34,86.34,85.3,85.34,84.94
395,85.22,86.34,86.34,85.3,85.34,84.94,85.14
396,86.34,86.34,85.3,85.34,84.94,85.14,85.14
397,86.34,85.3,85.34,84.94,85.14,85.14,85.16
398,85.3,85.34,84.94,85.14,85.14,85.16,85.4
399,85.34,84.94,85.14,85.14,85.16,85.4,84.56
400,84.94,85.14,85.14,85.16,85.4,84.56,84.6
401,85.14,85.14,85.16,85.4,84.56,84.6,84.58
402,85.14,85.16,85.4,84.56,84.6,84.58,84.42
403,85.16,85.4,84.56,84.6,84.58,84.42,84.2
404,85.4,84.56,84.6,84.58,84.42,84.2,84.08
405,84.56,84.6,84.58,84.42,84.2,84.08,84.08
406,84.6,84.58,84.42,84.2,84.08,84.08,84.26
407,84.58,84.42,84.2,84.08,84.08,84.26,84.83000000000001
408,84.42,84.2,84.08,84.08,84.26,84.83000000000001,85.4
409,84.2,84.08,84.08,84.26,84.83000000000001,85.4,85.56
410,84.08,84.08,84.26,84.83000000000001,85.4,85.56,84.98
411,84.08,84.26,84.83000000000001,85.4,85.56,84.98,85.18
412,84.26,84.83000000000001,85.4,85.56,84.98,85.18,85.32
413,84.83000000000001,85.4,85.56,84.98,85.18,85.32,85.44
414,85.4,85.56,84.98,85.18,85.32,85.44,85.66
415,85.56,84.98,85.18,85.32,85.44,85.66,85.58
416,84.98,85.18,85.32,85.44,85.66,85.58,85.47999999999999
417,85.18,85.32,85.44,85.66,85.58,85.47999999999999,85.38
418,85.32,85.44,85.66,85.58,85.47999999999999,85.38,85.34
419,85.44,85.66,85.58,85.47999999999999,85.38,85.34,85.38
420,85.66,85.58,85.47999999999999,85.38,85.34,85.38,85.46
421,85.58,85.47999999999999,85.38,85.34,85.38,85.46,85.62
422,85.47999999999999,85.38,85.34,85.38,85.46,85.62,85.76
423,85.38,85.34,85.38,85.46,85.62,85.76,86.12
424,85.34,85.38,85.46,85.62,85.76,86.12,86.04
425,85.38,85.46,85.62,85.76,86.12,86.04,86.04
426,85.46,85.62,85.76,86.12,86.04,86.04,85.94
427,85.62,85.76,86.12,86.04,86.04,85.94,85.84
428,85.76,86.12,86.04,86.04,85.94,85.84,85.78
429,86.12,86.04,86.04,85.94,85.84,85.78,87.08
430,86.04,86.04,85.94,85.84,85.78,87.08,86.44
431,86.04,85.94,85.84,85.78,87.08,86.44,86.12
432,85.94,85.84,85.78,87.08,86.44,86.12,85.56
433,85.84,85.78,87.08,86.44,86.12,85.56,85.02
434,85.78,87.08,86.44,86.12,85.56,85.02,84.74
435,87.08,86.44,86.12,85.56,85.02,84.74,84.62
436,86.44,86.12,85.56,85.02,84.74,84.62,84.64
437,86.12,85.56,85.02,84.74,84.62,84.64,85.2
438,85.56,85.02,84.74,84.62,84.64,85.2,87.66
439,85.02,84.74,84.62,84.64,85.2,87.66,89.08
440,84.74,84.62,84.64,85.2,87.66,89.08,89.41138645967916
441,84.62,84.64,85.2,87.66,89.08,89.41138645967916,89.41555549977683
442,84.64,85.2,87.66,89.08,89.41138645967916,89.41555549977683,87.32
443,85.2,87.66,89.08,89.41138645967916,89.41555549977683,87.32,87.9
444,87.66,89.08,89.41138645967916,89.41555549977683,87.32,87.9,85.54
445,89.08,89.41138645967916,89.41555549977683,87.32,87.9,85.54,85.68
446,89.41138645967916,89.41555549977683,87.32,87.9,85.54,85.68,89.5216509611597
447,89.41555549977683,87.32,87.9,85.54,85.68,89.5216509611597,89.63279605201821
448,87.32,87.9,85.54,85.68,89.5216509611597,89.63279605201821,89.36026288547318
449,87.9,85.54,85.68,89.5216509611597,89.63279605201821,89.36026288547318,89.48193377811775
450,85.54,85.68,89.5216509611597,89.63279605201821,89.36026288547318,89.48193377811775,89.4514788721178
451,85.68,89.5216509611597,89.63279605201821,89.36026288547318,89.48193377811775,89.4514788721178,89.41660018360466
452,89.5216509611597,89.63279605201821,89.36026288547318,89.48193377811775,89.4514788721178,89.41660018360466,89.39072490119906
453,89.63279605201821,89.36026288547318,89.48193377811775,89.4514788721178,89.41660018360466,89.39072490119906,86.18
454,89.36026288547318,89.48193377811775,89.4514788721178,89.41660018360466,89.39072490119906,86.18,85.52
455,89.48193377811775,89.4514788721178,89.41660018360466,89.39072490119906,86.18,85.52,85.62
456,89.4514788721178,89.41660018360466,89.39072490119906,86.18,85.52,85.62,85.80000000000001
457,89.41660018360466,89.39072490119906,86.18,85.52,85.62,85.80000000000001,85.98
458,89.39072490119906,86.18,85.52,85.62,85.80000000000001,85.98,89.46041238286517
459,86.18,85.52,85.62,85.80000000000001,85.98,89.46041238286517,89.59260191910944
460,85.52,85.62,85.80000000000001,85.98,89.46041238286517,89.59260191910944,89.42521378974043
461,85.62,85.80000000000001,85.98,89.46041238286517,89.59260191910944,89.42521378974043,89.55582621288374
462,85.80000000000001,85.98,89.46041238286517,89.59260191910944,89.42521378974043,89.55582621288374,86.1
463,85.98,89.46041238286517,89.59260191910944,89.42521378974043,89.55582621288374,86.1,86.16
464,89.46041238286517,89.59260191910944,89.42521378974043,89.55582621288374,86.1,86.16,85.94
465,89.59260191910944,89.42521378974043,89.55582621288374,86.1,86.16,85.94,87.34
466,89.42521378974043,89.55582621288374,86.1,86.16,85.94,87.34,87.3
467,89.55582621288374,86.1,86.16,85.94,87.34,87.3,85.08
468,86.1,86.16,85.94,87.34,87.3,85.08,84.38
469,86.16,85.94,87.34,87.3,85.08,84.38,84.68
470,85.94,87.34,87.3,85.08,84.38,84.68,85.16
471,87.34,87.3,85.08,84.38,84.68,85.16,85.34
472,87.3,85.08,84.38,84.68,85.16,85.34,85.44
473,85.08,84.38,84.68,85.16,85.34,85.44,85.78
474,84.38,84.68,85.16,85.34,85.44,85.78,85.52
475,84.68,85.16,85.34,85.44,85.78,85.52,85.74
476,85.16,85.34,85.44,85.78,85.52,85.74,85.9
477,85.34,85.44,85.78,85.52,85.74,85.9,86.08
478,85.44,85.78,85.52,85.74,85.9,86.08,87.9
479,85.78,85.52,85.74,85.9,86.08,87.9,89.3
480,85.52,85.74,85.9,86.08,87.9,89.3,86.44
481,85.74,85.9,86.08,87.9,89.3,86.44,86.88
482,85.9,86.08,87.9,89.3,86.44,86.88,89.67639218328188
483,86.08,87.9,89.3,86.44,86.88,89.67639218328188,89.52400665256893
484,87.9,89.3,86.44,86.88,89.67639218328188,89.52400665256893,89.45944963782264
485,89.3,86.44,86.88,89.67639218328188,89.52400665256893,89.45944963782264,89.46021698581255
486,86.44,86.88,89.67639218328188,89.52400665256893,89.45944963782264,89.46021698581255,89.41896725720831
487,86.88,89.67639218328188,89.52400665256893,89.45944963782264,89.46021698581255,89.41896725720831,89.52796974287496
488,89.67639218328188,89.52400665256893,89.45944963782264,89.46021698581255,89.41896725720831,89.52796974287496,89.62129463898623
489,89.52400665256893,89.45944963782264,89.46021698581255,89.41896725720831,89.52796974287496,89.62129463898623,89.49619473331802
490,89.45944963782264,89.46021698581255,89.41896725720831,89.52796974287496,89.62129463898623,89.49619473331802,89.42331440496349
491,89.46021698581255,89.41896725720831,89.52796974287496,89.62129463898623,89.49619473331802,89.42331440496349,89.66502924639855
492,89.41896725720831,89.52796974287496,89.62129463898623,89.49619473331802,89.42331440496349,89.66502924639855,89.60703094707763
493,89.52796974287496,89.62129463898623,89.49619473331802,89.42331440496349,89.66502924639855,89.60703094707763,89.63662798275759
494,89.62129463898623,89.49619473331802,89.42331440496349,89.66502924639855,89.60703094707763,89.63662798275759,89.6123281864369
495,89.49619473331802,89.42331440496349,89.66502924639855,89.60703094707763,89.63662798275759,89.6123281864369,89.54441799809355
496,89.42331440496349,89.66502924639855,89.60703094707763,89.63662798275759,89.6123281864369,89.54441799809355,89.53545942496162
497,89.66502924639855,89.60703094707763,89.63662798275759,89.6123281864369,89.54441799809355,89.53545942496162,89.29529001180718
498,89.60703094707763,89.63662798275759,89.6123281864369,89.54441799809355,89.53545942496162,89.29529001180718,89.29833757102766
499,89.63662798275759,89.6123281864369,89.54441799809355,89.53545942496162,89.29529001180718,89.29833757102766,89.26989760914795
500,89.6123281864369,89.54441799809355,89.53545942496162,89.29529001180718,89.29833757102766,89.26989760914795,89.7411804211906
501,89.54441799809355,89.53545942496162,89.29529001180718,89.29833757102766,89.26989760914795,89.7411804211906,89.51760990390599
502,89.53545942496162,89.29529001180718,89.29833757102766,89.26989760914795,89.7411804211906,89.51760990390599,82.62
503,89.29529001180718,89.29833757102766,89.26989760914795,89.7411804211906,89.51760990390599,82.62,82.82
504,89.29833757102766,89.26989760914795,89.7411804211906,89.51760990390599,82.62,82.82,82.46
505,89.26989760914795,89.7411804211906,89.51760990390599,82.62,82.82,82.46,89.49798660683166
506,89.7411804211906,89.51760990390599,82.62,82.82,82.46,89.49798660683166,89.45465673454108
507,89.51760990390599,82.62,82.82,82.46,89.49798660683166,89.45465673454108,89.45152529775214
508,82.62,82.82,82.46,89.49798660683166,89.45465673454108,89.45152529775214,89.61232719772576
509,82.82,82.46,89.49798660683166,89.45465673454108,89.45152529775214,89.61232719772576,84.1
510,82.46,89.49798660683166,89.45465673454108,89.45152529775214,89.61232719772576,84.1,83.4
511,89.49798660683166,89.45465673454108,89.45152529775214,89.61232719772576,84.1,83.4,82.98
512,89.45465673454108,89.45152529775214,89.61232719772576,84.1,83.4,82.98,83.02
513,89.45152529775214,89.61232719772576,84.1,83.4,82.98,83.02,89.55091257332897
514,89.61232719772576,84.1,83.4,82.98,83.02,89.55091257332897,89.50455495825537
515,84.1,83.4,82.98,83.02,89.55091257332897,89.50455495825537,89.62756017173108
516,83.4,82.98,83.02,89.55091257332897,89.50455495825537,89.62756017173108,86.38
517,82.98,83.02,89.55091257332897,89.50455495825537,89.62756017173108,86.38,85.85
518,83.02,89.55091257332897,89.50455495825537,89.62756017173108,86.38,85.85,85.32
519,89.55091257332897,89.50455495825537,89.62756017173108,86.38,85.85,85.32,85.66
520,89.50455495825537,89.62756017173108,86.38,85.85,85.32,85.66,85.84
521,89.62756017173108,86.38,85.85,85.32,85.66,85.84,86.36
522,86.38,85.85,85.32,85.66,85.84,86.36,87.06
523,85.85,85.32,85.66,85.84,86.36,87.06,87.46
524,85.32,85.66,85.84,86.36,87.06,87.46,89.14
525,85.66,85.84,86.36,87.06,87.46,89.14,89.48018776628335
526,85.84,86.36,87.06,87.46,89.14,89.48018776628335,89.54679634170911
527,86.36,87.06,87.46,89.14,89.48018776628335,89.54679634170911,89.60589079610142
528,87.06,87.46,89.14,89.48018776628335,89.54679634170911,89.60589079610142,89.33293418545175
529,87.46,89.14,89.48018776628335,89.54679634170911,89.60589079610142,89.33293418545175,89.63144384963431
530,89.14,89.48018776628335,89.54679634170911,89.60589079610142,89.33293418545175,89.63144384963431,89.65882103259517
531,89.48018776628335,89.54679634170911,89.60589079610142,89.33293418545175,89.63144384963431,89.65882103259517,89.35976201985608
532,89.54679634170911,89.60589079610142,89.33293418545175,89.63144384963431,89.65882103259517,89.35976201985608,89.54202734325393
533,89.60589079610142,89.33293418545175,89.63144384963431,89.65882103259517,89.35976201985608,89.54202734325393,88.4
534,89.33293418545175,89.63144384963431,89.65882103259517,89.35976201985608,89.54202734325393,88.4,86.66
535,89.63144384963431,89.65882103259517,89.35976201985608,89.54202734325393,88.4,86.66,86.38
536,89.65882103259517,89.35976201985608,89.54202734325393,88.4,86.66,86.38,85.98
537,89.35976201985608,89.54202734325393,88.4,86.66,86.38,85.98,85.88
538,89.54202734325393,88.4,86.66,86.38,85.98,85.88,86.1
539,88.4,86.66,86.38,85.98,85.88,86.1,85.28
540,86.66,86.38,85.98,85.88,86.1,85.28,85.42
541,86.38,85.98,85.88,86.1,85.28,85.42,86.74
542,85.98,85.88,86.1,85.28,85.42,86.74,89.86
543,85.88,86.1,85.28,85.42,86.74,89.86,86.24
544,86.1,85.28,85.42,86.74,89.86,86.24,87.84
545,85.28,85.42,86.74,89.86,86.24,87.84,87.22
546,85.42,86.74,89.86,86.24,87.84,87.22,88.4
547,86.74,89.86,86.24,87.84,87.22,88.4,89.52
548,89.86,86.24,87.84,87.22,88.4,89.52,89.02
549,86.24,87.84,87.22,88.4,89.52,89.02,87.24
550,87.84,87.22,88.4,89.52,89.02,87.24,85.46
551,87.22,88.4,89.52,89.02,87.24,85.46,85.5
552,88.4,89.52,89.02,87.24,85.46,85.5,85.24
553,89.52,89.02,87.24,85.46,85.5,85.24,85.34
554,89.02,87.24,85.46,85.5,85.24,85.34,85.42
555,87.24,85.46,85.5,85.24,85.34,85.42,85.46
556,85.46,85.5,85.24,85.34,85.42,85.46,85.76
557,85.5,85.24,85.34,85.42,85.46,85.76,85.96
558,85.24,85.34,85.42,85.46,85.76,85.96,86.05
559,85.34,85.42,85.46,85.76,85.96,86.05,86.14
560,85.42,85.46,85.76,85.96,86.05,86.14,86.28
561,85.46,85.76,85.96,86.05,86.14,86.28,86.04
562,85.76,85.96,86.05,86.14,86.28,86.04,86.12
563,85.96,86.05,86.14,86.28,86.04,86.12,86.12
564,86.05,86.14,86.28,86.04,86.12,86.12,86.28
565,86.14,86.28,86.04,86.12,86.12,86.28,86.22
566,86.28,86.04,86.12,86.12,86.28,86.22,86.28
567,86.04,86.12,86.12,86.28,86.22,86.28,86.1
568,86.12,86.12,86.28,86.22,86.28,86.1,86.37
569,86.12,86.28,86.22,86.28,86.1,86.37,86.64
570,86.28,86.22,86.28,86.1,86.37,86.64,86.64
571,86.22,86.28,86.1,86.37,86.64,86.64,86.64
572,86.28,86.1,86.37,86.64,86.64,86.64,87.74
573,86.1,86.37,86.64,86.64,86.64,87.74,87.22
574,86.37,86.64,86.64,86.64,87.74,87.22,86.72
575,86.64,86.64,86.64,87.74,87.22,86.72,87.14
576,86.64,86.64,87.74,87.22,86.72,87.14,87.05
577,86.64,87.74,87.22,86.72,87.14,87.05,86.96
578,87.74,87.22,86.72,87.14,87.05,86.96,87.08
579,87.22,86.72,87.14,87.05,86.96,87.08,85.98
580,86.72,87.14,87.05,86.96,87.08,85.98,85.9
581,87.14,87.05,86.96,87.08,85.98,85.9,85.2
582,87.05,86.96,87.08,85.98,85.9,85.2,85.28
583,86.96,87.08,85.98,85.9,85.2,85.28,85.38
584,87.08,85.98,85.9,85.2,85.28,85.38,85.5
585,85.98,85.9,85.2,85.28,85.38,85.5,85.62
586,85.9,85.2,85.28,85.38,85.5,85.62,85.72
587,85.2,85.28,85.38,85.5,85.62,85.72,85.76
588,85.28,85.38,85.5,85.62,85.72,85.76,85.82
589,85.38,85.5,85.62,85.72,85.76,85.82,85.75999999999999
590,85.5,85.62,85.72,85.76,85.82,85.75999999999999,85.7
591,85.62,85.72,85.76,85.82,85.75999999999999,85.7,85.72
592,85.72,85.76,85.82,85.75999999999999,85.7,85.72,85.66
593,85.76,85.82,85.75999999999999,85.7,85.72,85.66,85.68
594,85.82,85.75999999999999,85.7,85.72,85.66,85.68,85.68
595,85.75999999999999,85.7,85.72,85.66,85.68,85.68,85.66
596,85.7,85.72,85.66,85.68,85.68,85.66,85.56
597,85.72,85.66,85.68,85.68,85.66,85.56,85.5
598,85.66,85.68,85.68,85.66,85.56,85.5,85.44
599,85.68,85.68,85.66,85.56,85.5,85.44,85.5
600,85.68,85.66,85.56,85.5,85.44,85.5,85.66
601,85.66,85.56,85.5,85.44,85.5,85.66,85.7
602,85.56,85.5,85.44,85.5,85.66,85.7,85.96
603,85.5,85.44,85.5,85.66,85.7,85.96,85.88
604,85.44,85.5,85.66,85.7,85.96,85.88,85.7
605,85.5,85.66,85.7,85.96,85.88,85.7,85.5
606,85.66,85.7,85.96,85.88,85.7,85.5,86.5
607,85.7,85.96,85.88,85.7,85.5,86.5,86.16
608,85.96,85.88,85.7,85.5,86.5,86.16,85.88
609,85.88,85.7,85.5,86.5,86.16,85.88,85.46
610,85.7,85.5,86.5,86.16,85.88,85.46,85.06
611,85.5,86.5,86.16,85.88,85.46,85.06,84.84
612,86.5,86.16,85.88,85.46,85.06,84.84,84.74
613,86.16,85.88,85.46,85.06,84.84,84.74,85.58
614,85.88,85.46,85.06,84.84,84.74,85.58,84.66
615,85.46,85.06,84.84,84.74,85.58,84.66,84.62
616,85.06,84.84,84.74,85.58,84.66,84.62,84.58
617,84.84,84.74,85.58,84.66,84.62,84.58,84.04
618,84.74,85.58,84.66,84.62,84.58,84.04,84.18
619,85.58,84.66,84.62,84.58,84.04,84.18,84.36
620,84.66,84.62,84.58,84.04,84.18,84.36,84.12
621,84.62,84.58,84.04,84.18,84.36,84.12,84.3
622,84.58,84.04,84.18,84.36,84.12,84.3,84.48
623,84.04,84.18,84.36,84.12,84.3,84.48,84.62
624,84.18,84.36,84.12,84.3,84.48,84.62,84.68
625,84.36,84.12,84.3,84.48,84.62,84.68,84.75
626,84.12,84.3,84.48,84.62,84.68,84.75,84.82
627,84.3,84.48,84.62,84.68,84.75,84.82,84.8
628,84.48,84.62,84.68,84.75,84.82,84.8,84.94
629,84.62,84.68,84.75,84.82,84.8,84.94,85.06
630,84.68,84.75,84.82,84.8,84.94,85.06,85.22
631,84.75,84.82,84.8,84.94,85.06,85.22,85.44
632,84.82,84.8,84.94,85.06,85.22,85.44,85.5
633,84.8,84.94,85.06,85.22,85.44,85.5,85.34
634,84.94,85.06,85.22,85.44,85.5,85.34,85.22
635,85.06,85.22,85.44,85.5,85.34,85.22,85.06
636,85.22,85.44,85.5,85.34,85.22,85.06,85.06
637,85.44,85.5,85.34,85.22,85.06,85.06,85.06
638,85.5,85.34,85.22,85.06,85.06,85.06,85.2
639,85.34,85.22,85.06,85.06,85.06,85.2,85.44
640,85.22,85.06,85.06,85.06,85.2,85.44,86.04
641,85.06,85.06,85.06,85.2,85.44,86.04,86.14
642,85.06,85.06,85.2,85.44,86.04,86.14,86.36
643,85.06,85.2,85.44,86.04,86.14,86.36,85.64
644,85.2,85.44,86.04,86.14,86.36,85.64,89.40797386745965
645,85.44,86.04,86.14,86.36,85.64,89.40797386745965,89.49974614768672
646,86.04,86.14,86.36,85.64,89.40797386745965,89.49974614768672,87.52
647,86.14,86.36,85.64,89.40797386745965,89.49974614768672,87.52,86.52
648,86.36,85.64,89.40797386745965,89.49974614768672,87.52,86.52,85.9
649,85.64,89.40797386745965,89.49974614768672,87.52,86.52,85.9,85.94
650,89.40797386745965,89.49974614768672,87.52,86.52,85.9,85.94,85.9
651,89.49974614768672,87.52,86.52,85.9,85.94,85.9,86.06
652,87.52,86.52,85.9,85.94,85.9,86.06,89.55303786744726
653,86.52,85.9,85.94,85.9,86.06,89.55303786744726,89.48586623459418
654,85.9,85.94,85.9,86.06,89.55303786744726,89.48586623459418,89.43131624967025
655,85.94,85.9,86.06,89.55303786744726,89.48586623459418,89.43131624967025,84.52
656,85.9,86.06,89.55303786744726,89.48586623459418,89.43131624967025,84.52,84.2
657,86.06,89.55303786744726,89.48586623459418,89.43131624967025,84.52,84.2,83.7
658,89.55303786744726,89.48586623459418,89.43131624967025,84.52,84.2,83.7,83.6
659,89.48586623459418,89.43131624967025,84.52,84.2,83.7,83.6,83.82
660,89.43131624967025,84.52,84.2,83.7,83.6,83.82,84.72
661,84.52,84.2,83.7,83.6,83.82,84.72,85.62
662,84.2,83.7,83.6,83.82,84.72,85.62,84.24
663,83.7,83.6,83.82,84.72,85.62,84.24,84.1
664,83.6,83.82,84.72,85.62,84.24,84.1,84.18
665,83.82,84.72,85.62,84.24,84.1,84.18,84.22
666,84.72,85.62,84.24,84.1,84.18,84.22,84.16
667,85.62,84.24,84.1,84.18,84.22,84.16,84.1
668,84.24,84.1,84.18,84.22,84.16,84.1,84.1
669,84.1,84.18,84.22,84.16,84.1,84.1,85.58
670,84.18,84.22,84.16,84.1,84.1,85.58,85.96
671,84.22,84.16,84.1,84.1,85.58,85.96,85.78
672,84.16,84.1,84.1,85.58,85.96,85.78,85.36
673,84.1,84.1,85.58,85.96,85.78,85.36,85.28
674,84.1,85.58,85.96,85.78,85.36,85.28,85.1
675,85.58,85.96,85.78,85.36,85.28,85.1,85.12
676,85.96,85.78,85.36,85.28,85.1,85.12,85.46
677,85.78,85.36,85.28,85.1,85.12,85.46,85.16
678,85.36,85.28,85.1,85.12,85.46,85.16,85.02
679,85.28,85.1,85.12,85.46,85.16,85.02,84.98
680,85.1,85.12,85.46,85.16,85.02,84.98,89.49049423297733
681,85.12,85.46,85.16,85.02,84.98,89.49049423297733,89.48006696469709
682,85.46,85.16,85.02,84.98,89.49049423297733,89.48006696469709,84.04
683,85.16,85.02,84.98,89.49049423297733,89.48006696469709,84.04,83.86
684,85.02,84.98,89.49049423297733,89.48006696469709,84.04,83.86,83.64
685,84.98,89.49049423297733,89.48006696469709,84.04,83.86,83.64,83.46
686,89.49049423297733,89.48006696469709,84.04,83.86,83.64,83.46,83.3
687,89.48006696469709,84.04,83.86,83.64,83.46,83.3,83.28
688,84.04,83.86,83.64,83.46,83.3,83.28,83.3
689,83.86,83.64,83.46,83.3,83.28,83.3,83.3
690,83.64,83.46,83.3,83.28,83.3,83.3,83.36
691,83.46,83.3,83.28,83.3,83.3,83.36,83.52
692,83.3,83.28,83.3,83.3,83.36,83.52,83.8
693,83.28,83.3,83.3,83.36,83.52,83.8,84.08
694,83.3,83.3,83.36,83.52,83.8,84.08,84.36
695,83.3,83.36,83.52,83.8,84.08,84.36,84.46
696,83.36,83.52,83.8,84.08,84.36,84.46,84.68
697,83.52,83.8,84.08,84.36,84.46,84.68,84.76
698,83.8,84.08,84.36,84.46,84.68,84.76,84.84
699,84.08,84.36,84.46,84.68,84.76,84.84,84.83
700,84.36,84.46,84.68,84.76,84.84,84.83,84.82
701,84.46,84.68,84.76,84.84,84.83,84.82,84.66
702,84.68,84.76,84.84,84.83,84.82,84.66,83.9
703,84.76,84.84,84.83,84.82,84.66,83.9,83.38
704,84.84,84.83,84.82,84.66,83.9,83.38,82.87
705,84.83,84.82,84.66,83.9,83.38,82.87,82.36
706,84.82,84.66,83.9,83.38,82.87,82.36,82.18
707,84.66,83.9,83.38,82.87,82.36,82.18,82.5
708,83.9,83.38,82.87,82.36,82.18,82.5,82.82
709,83.38,82.87,82.36,82.18,82.5,82.82,83.32
710,82.87,82.36,82.18,82.5,82.82,83.32,83.9
711,82.36,82.18,82.5,82.82,83.32,83.9,84.24
712,82.18,82.5,82.82,83.32,83.9,84.24,84.14
713,82.5,82.82,83.32,83.9,84.24,84.14,84.1
714,82.82,83.32,83.9,84.24,84.14,84.1,84.1
715,83.32,83.9,84.24,84.14,84.1,84.1,84.08
716,83.9,84.24,84.14,84.1,84.1,84.08,84.2
717,84.24,84.14,84.1,84.1,84.08,84.2,84.28
718,84.14,84.1,84.1,84.08,84.2,84.28,84.56
719,84.1,84.1,84.08,84.2,84.28,84.56,84.74
720,84.1,84.08,84.2,84.28,84.56,84.74,84.72
721,84.08,84.2,84.28,84.56,84.74,84.72,84.72
722,84.2,84.28,84.56,84.74,84.72,84.72,84.7
723,84.28,84.56,84.74,84.72,84.72,84.7,84.8
724,84.56,84.74,84.72,84.72,84.7,84.8,84.84
725,84.74,84.72,84.72,84.7,84.8,84.84,84.86
726,84.72,84.72,84.7,84.8,84.84,84.86,85.02
727,84.72,84.7,84.8,84.84,84.86,85.02,85.18
728,84.7,84.8,84.84,84.86,85.02,85.18,85.32
729,84.8,84.84,84.86,85.02,85.18,85.32,85.52
730,84.84,84.86,85.02,85.18,85.32,85.52,85.84
731,84.86,85.02,85.18,85.32,85.52,85.84,86.06
732,85.02,85.18,85.32,85.52,85.84,86.06,86.34
733,85.18,85.32,85.52,85.84,86.06,86.34,86.64
734,85.32,85.52,85.84,86.06,86.34,86.64,86.72
735,85.52,85.84,86.06,86.34,86.64,86.72,86.72
736,85.84,86.06,86.34,86.64,86.72,86.72,86.64
737,86.06,86.34,86.64,86.72,86.72,86.64,86.66
738,86.34,86.64,86.72,86.72,86.64,86.66,86.92
739,86.64,86.72,86.72,86.64,86.66,86.92,87.24
740,86.72,86.72,86.64,86.66,86.92,87.24,88.58
741,86.72,86.64,86.66,86.92,87.24,88.58,89.57204206270862
742,86.64,86.66,86.92,87.24,88.58,89.57204206270862,89.67293412673004
743,86.66,86.92,87.24,88.58,89.57204206270862,89.67293412673004,89.49941811613247
744,86.92,87.24,88.58,89.57204206270862,89.67293412673004,89.49941811613247,89.35221168490061
745,87.24,88.58,89.57204206270862,89.67293412673004,89.49941811613247,89.35221168490061,89.55693682144255
746,88.58,89.57204206270862,89.67293412673004,89.49941811613247,89.35221168490061,89.55693682144255,89.43529895177633
747,89.57204206270862,89.67293412673004,89.49941811613247,89.35221168490061,89.55693682144255,89.43529895177633,86.16
748,89.67293412673004,89.49941811613247,89.35221168490061,89.55693682144255,89.43529895177633,86.16,85.98
749,89.49941811613247,89.35221168490061,89.55693682144255,89.43529895177633,86.16,85.98,86.12
750,89.35221168490061,89.55693682144255,89.43529895177633,86.16,85.98,86.12,86.5
751,89.55693682144255,89.43529895177633,86.16,85.98,86.12,86.5,86.52
752,89.43529895177633,86.16,85.98,86.12,86.5,86.52,87.42
753,86.16,85.98,86.12,86.5,86.52,87.42,89.59270424224698
754,85.98,86.12,86.5,86.52,87.42,89.59270424224698,89.6129420335707
755,86.12,86.5,86.52,87.42,89.59270424224698,89.6129420335707,89.52796427469538
756,86.5,86.52,87.42,89.59270424224698,89.6129420335707,89.52796427469538,89.59760748436983
757,86.52,87.42,89.59270424224698,89.6129420335707,89.52796427469538,89.59760748436983,89.56320079090777
758,87.42,89.59270424224698,89.6129420335707,89.52796427469538,89.59760748436983,89.56320079090777,89.85434504583698
759,89.59270424224698,89.6129420335707,89.52796427469538,89.59760748436983,89.56320079090777,89.85434504583698,87.3
760,89.6129420335707,89.52796427469538,89.59760748436983,89.56320079090777,89.85434504583698,87.3,86.18
761,89.52796427469538,89.59760748436983,89.56320079090777,89.85434504583698,87.3,86.18,84.34
762,89.59760748436983,89.56320079090777,89.85434504583698,87.3,86.18,84.34,84.38
763,89.56320079090777,89.85434504583698,87.3,86.18,84.34,84.38,85.82
764,89.85434504583698,87.3,86.18,84.34,84.38,85.82,84.8
765,87.3,86.18,84.34,84.38,85.82,84.8,85.24
766,86.18,84.34,84.38,85.82,84.8,85.24,85.54
767,84.34,84.38,85.82,84.8,85.24,85.54,85.74
768,84.38,85.82,84.8,85.24,85.54,85.74,86.18
769,85.82,84.8,85.24,85.54,85.74,86.18,86.3
770,84.8,85.24,85.54,85.74,86.18,86.3,86.32
771,85.24,85.54,85.74,86.18,86.3,86.32,86.4
772,85.54,85.74,86.18,86.3,86.32,86.4,86.76
773,85.74,86.18,86.3,86.32,86.4,86.76,87.08
774,86.18,86.3,86.32,86.4,86.76,87.08,87.38
